ID,Name,Value
1,Record_1,100
2,Record_2,200
3,Record_3,300
4,Record_4,400
5,Record_5,500
6,Record_6,600
7,Record_7,700
8,Record_8,800
9,Record_9,900
10,Record_10,1000
11,Record_11,1100
12,Record_12,1200
13,Record_13,1300
14,Record_14,1400
15,Record_15,1500
16,Record_16,1600
17,Record_17,1700
18,Record_18,1800
19,Record_19,1900
20,Record_20,2000
21,Record_21,2100
22,Record_22,2200
23,Record_23,2300
24,Record_24,2400
25,Record_25,2500
26,Record_26,2600
27,Record_27,2700
28,Record_28,2800
29,Record_29,2900
30,Record_30,3000
